_id,age,name,office,phone
6397fa8388a6555310a4c6cc,1,Garry,Digitube,398-364-5515
6397fa8388a6555310a4c6cd,2,Gwyn,Yombu,789-974-4080
6397fa8388a6555310a4c6ce,3,Pier,Oyoyo,386-580-4150
6397fa8388a6555310a4c6cf,4,Didi,Feedfire,684-507-1311
6397fa8388a6555310a4c6d0,5,Emmey,Eire,582-562-6340
6397fa8388a6555310a4c6d1,6,Atlanta,Shufflester,569-854-0588
6397fa8388a6555310a4c6d2,7,Leone,Gabtune,378-603-4098
6397fa8388a6555310a4c6d3,8,Erie,Layo,902-578-2506
6397fa8388a6555310a4c6d4,9,Ferdinand,Realpoint,834-945-8469
6397fa8388a6555310a4c6d5,10,Ronnie,Kaymbo,412-884-5185
6397fa8388a6555310a4c6d6,11,Lillian,Photolist,757-501-0477
6397fa8388a6555310a4c6d7,12,Bobbee,Flashset,999-933-9302
6397fa8388a6555310a4c6d8,13,Orrin,Wordware,260-259-2702
6397fa8388a6555310a4c6d9,14,Terri,Trilia,806-489-1095
6397fa8388a6555310a4c6da,15,Justine,Brightbean,740-343-8874
6397fa8388a6555310a4c6db,16,Ashton,Jayo,836-891-9235
6397fa8388a6555310a4c6dc,17,Skip,Browsebug,175-614-2917
6397fa8388a6555310a4c6dd,18,Barbi,Tazz,239-809-7866
6397fa8388a6555310a4c6de,19,Edee,Realblab,874-241-7889
6397fa8388a6555310a4c6df,20,Shane,Aibox,379-726-3117
6397fa8388a6555310a4c6e0,21,Paxton,Blogtag,592-463-9470
6397fa8388a6555310a4c6e1,22,Hanson,Zoonoodle,976-840-5635
6397fa8388a6555310a4c6e2,23,Alissa,Browsetype,878-507-8809
6397fa8388a6555310a4c6e3,24,Keenan,Leexo,911-451-5994
6397fa8388a6555310a4c6e4,25,Vicki,Quimm,340-723-0218
6397fa8388a6555310a4c6e5,26,Dewitt,Devpoint,986-683-3572
6397fa8388a6555310a4c6e6,27,Delmore,Fivespan,186-218-6205
6397fa8388a6555310a4c6e7,28,Colleen,Edgeclub,235-464-3569
6397fa8388a6555310a4c6e8,29,Rowena,Topiczoom,910-239-3222
6397fa8388a6555310a4c6e9,30,Ryun,Yakidoo,856-833-7489
6397fa8388a6555310a4c6ea,31,Ramonda,Fivespan,468-429-6698
6397fa8388a6555310a4c6eb,32,Seamus,Photobug,820-579-9903
6397fa8388a6555310a4c6ec,33,Crista,Kare,961-113-0494
6397fa8388a6555310a4c6ed,34,Wileen,Fliptune,777-601-5894
6397fa8388a6555310a4c6ee,35,Michal,Edgeblab,282-624-5200
6397fa8388a6555310a4c6ef,36,Tedra,Jabbersphere,582-439-6171
6397fa8388a6555310a4c6f0,37,Bari,Dabjam,670-545-2883
6397fa8388a6555310a4c6f1,38,Deeyn,Feedfire,140-661-7385
6397fa8388a6555310a4c6f2,39,Traci,Rhycero,624-484-4996
6397fa8388a6555310a4c6f3,40,Shelly,Linklinks,332-960-4178
6397fa8388a6555310a4c6f4,41,Miof mela,Devify,460-436-7858
6397fa8388a6555310a4c6f5,42,Vassili,Dabfeed,211-651-6778
6397fa8388a6555310a4c6f6,43,Archibaldo,Wikido,643-773-8263
6397fa8388a6555310a4c6f7,44,Wallie,Thoughtbeat,262-920-7415
6397fa8388a6555310a4c6f8,45,Elna,Tagfeed,596-629-1595
6397fa8388a6555310a4c6f9,46,Gussi,Browsezoom,754-303-7960
6397fa8388a6555310a4c6fa,47,Brendan,Eamia,403-755-3985
6397fa8388a6555310a4c6fb,48,Consalve,Riffpath,219-623-8861
6397fa8388a6555310a4c6fc,49,Adam,Dazzlesphere,634-746-2849
6397fa8388a6555310a4c6fd,50,Demetrius,Centimia,394-856-9760
6397fa8388a6555310a4c6fe,51,Estele,Katz,108-659-1570
6397fa8388a6555310a4c6ff,52,Herrick,Meedoo,792-323-4075
6397fa8388a6555310a4c700,53,Corabella,Eamia,323-129-6222
6397fa8388a6555310a4c701,54,Gustaf,Minyx,450-491-6271
6397fa8388a6555310a4c702,55,Crosby,Jabbersphere,638-651-5284
6397fa8388a6555310a4c703,56,Lelah,Gigaclub,501-639-2273
6397fa8388a6555310a4c704,57,Monty,Einti,350-515-6182
6397fa8388a6555310a4c705,58,Niles,Edgewire,186-794-0863
6397fa8388a6555310a4c706,59,Cymbre,Quatz,774-128-1269
6397fa8388a6555310a4c707,60,Terra,Voomm,512-202-6847
6397fa8388a6555310a4c708,61,Cy,Dynazzy,850-403-9641
6397fa8388a6555310a4c709,62,Blondell,Edgeify,340-188-7142
6397fa8388a6555310a4c70a,63,Lucien,Mita,286-281-9576
6397fa8388a6555310a4c70b,64,Leonelle,Rhynoodle,681-886-6203
6397fa8388a6555310a4c70c,65,Clari,Dynazzy,286-119-3025
6397fa8388a6555310a4c70d,66,Aidan,Twimbo,310-141-1932
6397fa8388a6555310a4c70e,67,Bert,Livetube,542-818-4283
6397fa8388a6555310a4c70f,68,Carrie,Avamba,764-945-6732
6397fa8388a6555310a4c710,69,Charity,Tavu,584-254-9332
6397fa8388a6555310a4c711,70,Angus,Jabbercube,462-228-6496
6397fa8388a6555310a4c712,71,Dita,Einti,942-797-5698
6397fa8388a6555310a4c713,72,Lizette,Realfire,650-959-2615
6397fa8388a6555310a4c714,73,Gratiana,Bubbletube,577-583-3317
6397fa8388a6555310a4c715,74,Ellery,Brainverse,335-599-9636
6397fa8388a6555310a4c716,75,Randene,Reallinks,867-292-2254
6397fa8388a6555310a4c717,76,Violetta,Chatterpoint,948-472-4841
6397fa8388a6555310a4c718,77,Richart,Katz,756-263-7268
6397fa8388a6555310a4c719,78,Gilligan,Riffpedia,814-709-8580
6397fa8388a6555310a4c71a,79,Jacquetta,Twinder,151-976-9508
6397fa8388a6555310a4c71b,80,Rani,Buzzbean,865-461-0932
6397fa8388a6555310a4c71c,81,Lindy,Divanoodle,171-170-2817
6397fa8388a6555310a4c71d,82,Neile,Kwimbee,188-186-2863
6397fa8388a6555310a4c71e,83,Normy,Jabbercube,502-440-8784
6397fa8388a6555310a4c71f,84,Jeffy,Devify,155-352-9626
6397fa8388a6555310a4c720,85,Melany,Izio,816-665-7361
6397fa8388a6555310a4c721,86,Loella,Centizu,965-697-8021
6397fa8388a6555310a4c722,87,Allan,Meedoo,738-959-4076
6397fa8388a6555310a4c723,88,Dina,Avamba,210-304-6179
6397fa8388a6555310a4c724,89,Corrianne,Lazzy,642-220-2249
6397fa8388a6555310a4c725,90,Maurise,Flipopia,542-725-9236
6397fa8388a6555310a4c726,91,Brooks,Yata,250-234-6553
6397fa8388a6555310a4c727,92,Gabrielle,Skyba,306-821-3721
6397fa8388a6555310a4c728,93,See,Mudo,960-469-2753
6397fa8388a6555310a4c729,94,Flemming,Zava,736-433-2924
6397fa8388a6555310a4c72a,95,Gannon,Skinder,710-274-7288
6397fa8388a6555310a4c72b,96,Osmond,Skiptube,955-105-0976
6397fa8388a6555310a4c72c,97,Merle,Kimia,911-115-6569
6397fa8388a6555310a4c72d,98,Marian,Wikivu,181-926-8945
6397fa8388a6555310a4c72e,99,Johnny,Riffwire,900-410-0615
6397fa8388a6555310a4c72f,100,Leora,Thoughtblab,625-705-3921

